{
  "hardware": "x86_64",
  "proxy_tokens_per_sec": 7435912.658474023,
  "sdk_tokens_per_sec": 8389123.914394373,
  "proxy_vs_sdk_ratio": 0.8863753515090182,
  "latency_ms": {
    "p50": 0.5226234934525564,
    "p95": 0.5502139974851161,
    "p99": 0.5653639964293689
  },
  "proxy_peak_memory_kib": 375.962890625,
  "cache_hit_rate": 0.8
}